Workbook

Sheet ExportResults
A1: BETA | B1: SUBMITTER NO | C1: CONVENTIONAL AGE | D1: CALENDAR CALIBRATION (95.4% PROBABILITY) | E1: IRMS d13C | F1: IRMS d15N | G1: d2H | H1: CN | I1: Wt %C | J1: Wt %N | K1: Wt %Col | L1: IRMS d18O | M1: (MATERIAL): PRETREATMENT | N1: SERVICE | O1: RECEIVED | P1: DUE | Q1: REPORT COMPLETED | R1: Percent Modern Carbon (pMC) | S1: Fraction Modern | T1: D14C | U1: Depth | V1: Type | W1: Thickness | X1: Pretreatment
A2: 538705 | B2: GR/19/C1 24-25 | C2: 120 +/- 30 BP | D2: 95.4% probability| (62.8%) 1800 - 1940 cal AD (150 - 10 cal BP) | (32.6%) 1678 - 1764 cal AD (272 - 186 cal BP) | | E2: -26.1 | M2: (wood): acid/alkali/acid | N2: AMS-Standard delivery | O2: 9/30/2019 | P2: 10/18/2019 | Q2: 10/18/2019 2:05:00 PM | R2: 98.52 +/- 0.37 pMC | S2: 0.9852 +/- 0.0037 | T2: -14.83 +/- 3.68 o/oo | U2: 24.5 | V2: macro | W2: 1 | X2: AAA
A3: 538707 | B3: GR/19/C1 76-77 | C3: 6150 +/- 30 BP | D3: 95.4% probability| (95.4%) 5211 - 5009 cal BC (7160 - 6958 cal BP) | | E3: -27.4 | M3: (wood): acid/alkali/acid | N3: AMS-Standard delivery | O3: 9/30/2019 | P3: 10/18/2019 | Q3: 10/18/2019 2:05:00 PM | R3: 46.51 +/- 0.17 pMC | S3: 0.4651 +/- 0.0017 | T3: -534.94 +/- 1.74 o/oo | U3: 76.5 | V3: macro | W3: 1 | X3: AAA
A4: 538706 | B4: GR/19/C1 144-145 | C4: 3130 +/- 30 BP | D4: 95.4% probability| (66.3%) 1457 - 1371 cal BC (3406 - 3320 cal BP) | (25.9%) 1359 - 1300 cal BC (3308 - 3249 cal BP) | (3.2%) 1495 - 1478 cal BC (3444 - 3427 cal BP) | | E4: -25.6 | M4: (wood): acid/alkali/acid | N4: AMS-Standard delivery | O4: 9/30/2019 | P4: 10/18/2019 | Q4: 10/18/2019 2:05:00 PM | R4: 67.73 +/- 0.25 pMC | S4: 0.6773 +/- 0.0025 | T4: -322.70 +/- 2.53 o/oo | U4: 144.5 | V4: macro | W4: 1 | X4: AAA
A5: 538704 | B5: GR/19/C1 160-161 | C5: 3490 +/- 30 BP | D5: 95.4% probability| (93.4%) 1893 - 1741 cal BC (3842 - 3690 cal BP) | (2%) 1711 - 1700 cal BC (3660 - 3649 cal BP) | | E5: -28.3 | M5: (wood): acid/alkali/acid | N5: AMS-Standard delivery | O5: 9/30/2019 | P5: 10/18/2019 | Q5: 10/18/2019 2:05:00 PM | R5: 64.76 +/- 0.24 pMC | S5: 0.6476 +/- 0.0024 | T5: -352.39 +/- 2.42 o/oo | U5: 160.5 | V5: macro | W5: 1 | X5: AAA
A6: 538722 | B6: GR/19/C1 196-197 | C6: 3680 +/- 30 BP | D6: 95.4% probability| (94.3%) 2142 - 1964 cal BC (4091 - 3913 cal BP) | (1.1%) 2190 - 2182 cal BC (4139 - 4131 cal BP) | | E6: -27.3 | M6: (wood): acid/alkali/acid | N6: AMS-Standard delivery | O6: 9/30/2019 | P6: 10/18/2019 | Q6: 10/18/2019 2:05:00 PM | R6: 63.25 +/- 0.24 pMC | S6: 0.6325 +/- 0.0024 | T6: -367.52 +/- 2.36 o/oo | U6: 196.5 | V6: macro | W6: 1 | X6: AAA
A7: 538709 | B7: GR/19/C1 256-257 | C7: 3770 +/- 30 BP | D7: 95.4% probability| (89.3%) 2290 - 2131 cal BC (4239 - 4080 cal BP) | (6.1%) 2086 - 2051 cal BC (4035 - 4000 cal BP) | | E7: -26.5 | M7: (wood): acid/alkali/acid | N7: AMS-Standard delivery | O7: 9/30/2019 | P7: 10/18/2019 | Q7: 10/18/2019 2:05:00 PM | R7: 62.54 +/- 0.23 pMC | S7: 0.6254 +/- 0.0023 | T7: -374.57 +/- 2.34 o/oo | U7: 256.5 | V7: macro | W7: 1 | X7: AAA
A8: 538714 | B8: GR/19/C1 361-362 | C8: 4670 +/- 30 BP | D8: 95.4% probability| (93.8%) 3521 - 3367 cal BC (5470 - 5316 cal BP) | (1.6%) 3620 - 3611 cal BC (5569 - 5560 cal BP) | | E8: -24.4 | M8: (wood): acid/alkali/acid | N8: AMS-Standard delivery | O8: 9/30/2019 | P8: 10/18/2019 | Q8: 10/18/2019 2:05:00 PM | R8: 55.91 +/- 0.21 pMC | S8: 0.5591 +/- 0.0021 | T8: -440.86 +/- 2.09 o/oo | U8: 361.5 | V8: macro | W8: 1 | X8: AAA
A9: 538710 | B9: GR/19/C1 406.5-407.5 | C9: 4920 +/- 30 BP | D9: 95.4% probability| (95.4%) 3766 - 3647 cal BC (5715 - 5596 cal BP) | | E9: -27.7 | M9: (wood): acid/alkali/acid | N9: AMS-Standard delivery | O9: 9/30/2019 | P9: 10/18/2019 | Q9: 10/18/2019 2:05:00 PM | R9: 54.20 +/- 0.20 pMC | S9: 0.5420 +/- 0.0020 | T9: -457.99 +/- 2.02 o/oo | U9: 407 | V9: macro | W9: 1 | X9: AAA
A10: 538708 | B10: GR/19/C1 481-482 | C10: 5000 +/- 30 BP | D10: 95.4% probability| (72.5%) 3813 - 3702 cal BC (5762 - 5651 cal BP) | (22.9%) 3939 - 3868 cal BC (5888 - 5817 cal BP) | | E10: -27.8 | M10: (wood): acid/alkali/acid | N10: AMS-Standard delivery | O10: 9/30/2019 | P10: 10/18/2019 | Q10: 10/18/2019 2:05:00 PM | R10: 53.66 +/- 0.20 pMC | S10: 0.5366 +/- 0.0020 | T10: -463.37 +/- 2.00 o/oo | U10: 481.5 | V10: macro | W10: 1 | X10: AAA
A11: 538712 | B11: GR/19/C1 552-553 | C11: 6050 +/- 30 BP | D11: 95.4% probability| (95.4%) 5032 - 4848 cal BC (6981 - 6797 cal BP) | | E11: -26.8 | M11: (wood): acid/alkali/acid | N11: AMS-Standard delivery | O11: 9/30/2019 | P11: 10/18/2019 | Q11: 10/18/2019 2:05:00 PM | R11: 47.09 +/- 0.18 pMC | S11: 0.4709 +/- 0.0018 | T11: -529.12 +/- 1.76 o/oo | U11: 552.5 | V11: macro | W11: 1 | X11: AAA
A12: 538716 | B12: GR/19/C1 595-596 | C12: 5830 +/- 30 BP | D12: 95.4% probability| (95.4%) 4783 - 4605 cal BC (6732 - 6554 cal BP) | | E12: -24.3 | M12: (wood): acid/alkali/acid | N12: AMS-Standard delivery | O12: 9/30/2019 | P12: 10/18/2019 | Q12: 10/18/2019 2:05:00 PM | R12: 48.40 +/- 0.18 pMC | S12: 0.4840 +/- 0.0018 | T12: -516.04 +/- 1.81 o/oo | U12: 595.5 | V12: macro | W12: 1 | X12: AAA
A13: 538718 | B13: GR/19/C1 643-644 | C13: 6140 +/- 30 BP | D13: 95.4% probability| (95.4%) 5209 - 5002 cal BC (7158 - 6951 cal BP) | | E13: -26.8 | M13: (wood): acid/alkali/acid | N13: AMS-Standard delivery | O13: 9/30/2019 | P13: 10/18/2019 | Q13: 10/18/2019 2:05:00 PM | R13: 46.56 +/- 0.17 pMC | S13: 0.4656 +/- 0.0017 | T13: -534.37 +/- 1.74 o/oo | U13: 643.5 | V13: macro | W13: 1 | X13: AAA
... A20: 538721 | B20: GR/19/C1 1143-1146 | C20: 7160 +/- 30 BP | D20: 95.4% probability| (95.4%) 6070 - 5990 cal BC (8019 - 7939 cal BP) | | E20: -27.6 | M20: (wood): acid/alkali/acid | N20: AMS-Standard delivery | O20: 9/30/2019 | P20: 10/18/2019 | Q20: 10/18/2019 2:05:00 PM | R20: 41.01 +/- 0.15 pMC | S20: 0.4101 +/- 0.0015 | T20: -589.89 +/- 1.53 o/oo | U20: 1144.5 | V20: macro | W20: 3 | X20: AAA

Sheet Sheet2
A1: labID | B1: SUBMITTER NO | C1: age | D1: sd | E1: curve | F1: IRMS d13C | G1: Depth | H1: Type | I1: Thickness | J1: Pretreatment | K1: DatingMaterial
A2: BETA 538705 | B2: =ExportResults!B2 -> GR/19/C1 24-25 | C2: 120 | D2: 30 | E2: IntCal20 | F2: =ExportResults!E2 -> -26.1 | G2: =ExportResults!U2 -> 24.5 | H2: =ExportResults!V2 -> macro | I2: =ExportResults!W2 -> 1 | J2: =ExportResults!X2 -> AAA | K2: wood
A3: BETA 538707 | B3: =ExportResults!B3 -> GR/19/C1 76-77 | C3: 6150 | D3: 30 | E3: IntCal20 | F3: =ExportResults!E3 -> -27.4 | G3: =ExportResults!U3 -> 76.5 | H3: =ExportResults!V3 -> macro | I3: =ExportResults!W3 -> 1 | J3: =ExportResults!X3 -> AAA | K3: wood
A4: BETA 538706 | B4: =ExportResults!B4 -> GR/19/C1 144-145 | C4: 3130 | D4: 30 | E4: IntCal20 | F4: =ExportResults!E4 -> -25.6 | G4: =ExportResults!U4 -> 144.5 | H4: =ExportResults!V4 -> macro | I4: =ExportResults!W4 -> 1 | J4: =ExportResults!X4 -> AAA | K4: wood
A5: BETA 538704 | B5: =ExportResults!B5 -> GR/19/C1 160-161 | C5: 3490 | D5: 30 | E5: IntCal20 | F5: =ExportResults!E5 -> -28.3 | G5: =ExportResults!U5 -> 160.5 | H5: =ExportResults!V5 -> macro | I5: =ExportResults!W5 -> 1 | J5: =ExportResults!X5 -> AAA | K5: wood
A6: BETA 538722 | B6: =ExportResults!B6 -> GR/19/C1 196-197 | C6: 3680 | D6: 30 | E6: IntCal20 | F6: =ExportResults!E6 -> -27.3 | G6: =ExportResults!U6 -> 196.5 | H6: =ExportResults!V6 -> macro | I6: =ExportResults!W6 -> 1 | J6: =ExportResults!X6 -> AAA | K6: wood
A7: BETA 538709 | B7: =ExportResults!B7 -> GR/19/C1 256-257 | C7: 3770 | D7: 30 | E7: IntCal20 | F7: =ExportResults!E7 -> -26.5 | G7: =ExportResults!U7 -> 256.5 | H7: =ExportResults!V7 -> macro | I7: =ExportResults!W7 -> 1 | J7: =ExportResults!X7 -> AAA | K7: wood
A8: BETA 538714 | B8: =ExportResults!B8 -> GR/19/C1 361-362 | C8: 4670 | D8: 30 | E8: IntCal20 | F8: =ExportResults!E8 -> -24.4 | G8: =ExportResults!U8 -> 361.5 | H8: =ExportResults!V8 -> macro | I8: =ExportResults!W8 -> 1 | J8: =ExportResults!X8 -> AAA | K8: wood
A9: BETA 538710 | B9: =ExportResults!B9 -> GR/19/C1 406.5-407.5 | C9: 4920 | D9: 30 | E9: IntCal20 | F9: =ExportResults!E9 -> -27.7 | G9: =ExportResults!U9 -> 407 | H9: =ExportResults!V9 -> macro | I9: =ExportResults!W9 -> 1 | J9: =ExportResults!X9 -> AAA | K9: wood
A10: BETA 538708 | B10: =ExportResults!B10 -> GR/19/C1 481-482 | C10: 5000 | D10: 30 | E10: IntCal20 | F10: =ExportResults!E10 -> -27.8 | G10: =ExportResults!U10 -> 481.5 | H10: =ExportResults!V10 -> macro | I10: =ExportResults!W10 -> 1 | J10: =ExportResults!X10 -> AAA | K10: wood
A11: BETA 538712 | B11: =ExportResults!B11 -> GR/19/C1 552-553 | C11: 6050 | D11: 30 | E11: IntCal20 | F11: =ExportResults!E11 -> -26.8 | G11: =ExportResults!U11 -> 552.5 | H11: =ExportResults!V11 -> macro | I11: =ExportResults!W11 -> 1 | J11: =ExportResults!X11 -> AAA | K11: wood
A12: BETA 538716 | B12: =ExportResults!B12 -> GR/19/C1 595-596 | C12: 5830 | D12: 30 | E12: IntCal20 | F12: =ExportResults!E12 -> -24.3 | G12: =ExportResults!U12 -> 595.5 | H12: =ExportResults!V12 -> macro | I12: =ExportResults!W12 -> 1 | J12: =ExportResults!X12 -> AAA | K12: wood
A13: BETA 538718 | B13: =ExportResults!B13 -> GR/19/C1 643-644 | C13: 6140 | D13: 30 | E13: IntCal20 | F13: =ExportResults!E13 -> -26.8 | G13: =ExportResults!U13 -> 643.5 | H13: =ExportResults!V13 -> macro | I13: =ExportResults!W13 -> 1 | J13: =ExportResults!X13 -> AAA | K13: wood
... A20: BETA 538721 | B20: =ExportResults!B20 -> GR/19/C1 1143-1146 | C20: 7160 | D20: 30 | E20: IntCal20 | F20: =ExportResults!E20 -> -27.6 | G20: =ExportResults!U20 -> 1144.5 | H20: =ExportResults!V20 -> macro | I20: =ExportResults!W20 -> 3 | J20: =ExportResults!X20 -> AAA | K20: wood
