Workbook

Sheet Simplified
A1: Time | B1: WaterLevel
A2: 43596.667 | B2: ='AG_20464821_(CRBCY_water)'!C3 -> 0.008
A3: =A2+TIME(0,10,0) -> 43596.674 | B3: ='AG_20464821_(CRBCY_water)'!C4 -> 0.008
A4: =A3+TIME(0,10,0) -> 43596.681 | B4: ='AG_20464821_(CRBCY_water)'!C5 -> 0.008
A5: =A4+TIME(0,10,0) -> 43596.688 | B5: ='AG_20464821_(CRBCY_water)'!C6 -> 0.007
A6: =A5+TIME(0,10,0) -> 43596.694 | B6: ='AG_20464821_(CRBCY_water)'!C7 -> 0.01
A7: =A6+TIME(0,10,0) -> 43596.701 | B7: ='AG_20464821_(CRBCY_water)'!C8 -> 0.007
A8: =A7+TIME(0,10,0) -> 43596.708 | B8: ='AG_20464821_(CRBCY_water)'!C9 -> 0.011
A9: =A8+TIME(0,10,0) -> 43596.715 | B9: ='AG_20464821_(CRBCY_water)'!C10 -> 0.01
A10: =A9+TIME(0,10,0) -> 43596.722 | B10: ='AG_20464821_(CRBCY_water)'!C11 -> 0.01
A11: =A10+TIME(0,10,0) -> 43596.729 | B11: ='AG_20464821_(CRBCY_water)'!C12 -> 0.009
A12: =A11+TIME(0,10,0) -> 43596.736 | B12: ='AG_20464821_(CRBCY_water)'!C13 -> 0.011
A13: =A12+TIME(0,10,0) -> 43596.743 | B13: ='AG_20464821_(CRBCY_water)'!C14 -> 0.012
A14: =A13+TIME(0,10,0) -> 43596.75 | B14: ='AG_20464821_(CRBCY_water)'!C15 -> 0.013
... A1473: =A1472+TIME(0,10,0) -> 43606.882 | B1473: ='AG_20464821_(CRBCY_water)'!C1474 -> 0.392

Sheet AG_20464821_(CRBCY_water)
A1: Plot Title: 20464821 CRBCY Water Level
A2: # | B2: Date Time, GMT+00:00 | C2: Water Level, meters (LGR S/N: 20464821)
A3: 1 | B3: 43774.667 | C3: 0.008
A4: 2 | B4: 43774.674 | C4: 0.008
A5: 3 | B5: 43774.681 | C5: 0.008
A6: 4 | B6: 43774.688 | C6: 0.007
A7: 5 | B7: 43774.694 | C7: 0.01
A8: 6 | B8: 43774.701 | C8: 0.007
A9: 7 | B9: 43774.708 | C9: 0.011
A10: 8 | B10: 43774.715 | C10: 0.01
A11: 9 | B11: 43774.722 | C11: 0.01
A12: 10 | B12: 43774.729 | C12: 0.009
A13: 11 | B13: 43774.736 | C13: 0.011
A14: 12 | B14: 43774.743 | C14: 0.012
... A194: 192 | B194: 43804.993 | C194: 0.537
A195: 193 | B195: 05/13/19 12:00:00 AM | C195: 0.581
A196: 194 | B196: 05/13/19 12:10:00 AM | C196: 0.53
A197: 195 | B197: 05/13/19 12:20:00 AM | C197: 0.565
A198: 196 | B198: 05/13/19 12:30:00 AM | C198: 0.518
A199: 197 | B199: 05/13/19 12:40:00 AM | C199: 0.527
A200: 198 | B200: 05/13/19 12:50:00 AM | C200: 0.538
A201: 199 | B201: 05/13/19 01:00:00 AM | C201: 0.525
A202: 200 | B202: 05/13/19 01:10:00 AM | C202: 0.5
A203: 201 | B203: 05/13/19 01:20:00 AM | C203: 0.501
A204: 202 | B204: 05/13/19 01:30:00 AM | C204: 0.503
A205: 203 | B205: 05/13/19 01:40:00 AM | C205: 0.445
A206: 204 | B206: 05/13/19 01:50:00 AM | C206: 0.498
... A1474: 1472 | B1474: 05/21/19 09:10:00 PM | C1474: 0.392
